,r,x,v,phi,cl,cd
0,0.033,0.22,29.07408064,25.56764124,,
1,0.046,0.306666667,39.57385931,21.33374341,,
2,0.059,0.393333333,50.24042139,18.45025562,,
3,0.072,0.48,60.98631786,14.89554489,,
4,0.085,0.566666667,71.77592505,13.16545769,,
5,0.098,0.653333333,82.59211398,11.88845876,,
6,0.111,0.74,93.42565275,10.49902426,,
7,0.124,0.826666667,104.2711337,8.926573246,,
8,0.137,0.913333333,115.1251817,8.426076977,,
9,0.15,1,125.9855827,7.903486691,,
